<?xml version="1.0" encoding="utf-8"?><feed xmlns="http://www.w3.org/2005/Atom" ><generator uri="https://jekyllrb.com/" version="4.0.0">Jekyll</generator><link href="http://localhost:4000/feed.xml" rel="self" type="application/atom+xml" /><link href="http://localhost:4000/" rel="alternate" type="text/html" /><updated>2020-01-21T02:00:11+00:00</updated><id>http://localhost:4000/feed.xml</id><entry><title type="html">(For Testing Purposes) Bananas</title><link href="http://localhost:4000/2020/01/01/bananas-for-testing.html" rel="alternate" type="text/html" title="(For Testing Purposes) Bananas" /><published>2020-01-01T00:00:00+00:00</published><updated>2020-01-01T00:00:00+00:00</updated><id>http://localhost:4000/2020/01/01/bananas-for-testing</id><content type="html" xml:base="http://localhost:4000/2020/01/01/bananas-for-testing.html">&lt;p&gt;A banana is an edible fruit – botanically a berry – produced by several kinds
of large herbaceous flowering plants in the genus Musa.&lt;/p&gt;

&lt;p&gt;In some countries, bananas used for cooking may be called “plantains”,
distinguishing them from dessert bananas. The fruit is variable in size, color,
and firmness, but is usually elongated and curved, with soft flesh rich in
starch covered with a rind, which may be green, yellow, red, purple, or brown
when ripe.&lt;/p&gt;</content><author><name>jill</name></author><summary type="html">A banana is an edible fruit – botanically a berry – produced by several kinds of large herbaceous flowering plants in the genus Musa.</summary></entry></feed>